Shipment_ID,Region,Mode,Priority,Distance_km,Planned_Days,Planned_Hours,Actual_Hours,Delay_Days,On_Time_Rate
S001,North,Road,Standard,120,3,48,46,2,92
S002,South,Road,Express,80,2,30,29,1,97
S003,East,Rail,Standard,210,5,72,78,6,84
S004,West,Road,Standard,150,4,60,63,3,88
S005,South,Air,Express,55,1,18,17,-1,99
S006,North,Road,Standard,175,4,66,70,4,86
S007,East,Road,Express,95,2,36,35,-1,98
S008,West,Rail,Standard,230,6,80,86,6,82
S009,South,Road,Standard,135,3,52,54,2,91
S010,North,Air,Express,70,2,24,23,-1,99
S011,East,Road,Standard,160,4,62,65,3,89
S012,West,Road,Express,100,2,38,40,2,94
